Date,Name,Type,Quantity,Units,Calories,Fat (g),Protein (g),Carbohydrates (g),Saturated Fat (g),Sugars (g),Fiber (g),Cholesterol (mg),Sodium (mg)
09/24/2017,"Chips, Tortilla, Restaurant Style, Original",Lunch,25,Grams,125,6.25,1.79,16.96,0.89,0,0.89,0,102.68
09/24/2017,"Cereal, Cheerios With Milk",Lunch,1.5,Cups,300,n/a,n/a,n/a,n/a,3,n/a,n/a,n/a
09/24/2017,Peanut Butter and Jelly Sandwich,Dinner,1,Each,370,20,17,34,3,7,7,0,477
09/24/2017,"Cookies, Chocolate Chip, Chewy",Snacks,2,Pieces,140,6,1,21,3,11,0,0,85
09/24/2017,Small Popcorn,Snacks,3,Cups,185,10,0,20,10,n/a,5,n/a,105
09/23/2017,Nacho cheese chips,Lunch,65,Grams,325,18.57,4.64,37.14,2.32,0,2.32,0,487.50
09/23/2017,Skittles,Snacks,0.5,Cup,320,3,0,74,3,60,0,0,20
09/23/2017,Small Popcorn,Snacks,6,Cups,370,20,0,40,20,n/a,10,n/a,210
09/23/2017,"Ice Cream, Vanilla Cone",Snacks,1,Each,170,4.50,5,27,3,20,0,15,70
09/23/2017,"Soda, Mountain Dew",Snacks,20,Fluid ounces,283,0,0,76.67,0,76.67,0,0,100
09/22/2017,"Cereal, Cheerios",Lunch,2,Cups,200,4,6,40,1,2,6,0,280
09/22/2017,"Salsa, Chunky, Mild",Lunch,5,Tablespoons,25,0,0,5,0,5,1.25,0,625.8
09/22/2017,"Chips, Tortilla, Restaurant Style, Original",Lunch,65,Grams,325,16.25,4.64,44.11,2.32,0,2.32,0,266.96
09/22/2017,Nacho cheese chips,Dinner,50,Grams,250,14.29,3.57,28.57,1.79,0,1.79,0,375
09/22/2017,Starburst Minis,Snacks,0.75,Cup,450,4.50,0,105,3,81,0,0,150
09/21/2017,"Cereal, Cheerios",Breakfast,1.125,Cups,113,2.25,3.38,22.50,0.56,1.13,3.38,0,157.50
09/21/2017,"Milk, 2%, w/ Vitamin A & D",Breakfast,0.75,Cup,92,3.62,6.4,8.78,2.29,9.26,0,14.64,86.1
09/21/2017,"Pizza, Cheese, Slice",Lunch,2,Each,480,18,2,60,9,6,2,40,820
09/21/2017,Mellow yellow zero,Lunch,22,Ounces,9,0,0,0,n/a,0,0,0,45.83
09/21/2017,"Chips, Tortilla, Restaurant Style, Original",Snacks,54,Grams,270,13.50,3.86,36.64,1.93,0,1.93,0,221.79
09/21/2017,Starburst Minis,Snacks,0.5,Cup,300,3,0,70,2,54,0,0,100
09/24/2017,Google Fit Workout,Exercise,13,minutes,68.7684,NA,NA,NA,NA,NA,NA,NA,NA
09/24/2017,Steps Bonus,Exercise,-1,minutes,232.24,NA,NA,NA,NA,NA,NA,NA,NA
09/24/2017,Google Fit Workout,Exercise,16,minutes,100.958,NA,NA,NA,NA,NA,NA,NA,NA
09/24/2017,Google Fit Workout,Exercise,11,minutes,205.164,NA,NA,NA,NA,NA,NA,NA,NA
09/23/2017,Google Fit Workout,Exercise,21908,minutes,193.594,NA,NA,NA,NA,NA,NA,NA,NA
09/23/2017,Google Fit Workout,Exercise,34,minutes,182.74,NA,NA,NA,NA,NA,NA,NA,NA
09/23/2017,Google Fit Workout,Exercise,10,minutes,181.707,NA,NA,NA,NA,NA,NA,NA,NA
09/23/2017,Steps Bonus,Exercise,-1,minutes,289.583,NA,NA,NA,NA,NA,NA,NA,NA
09/22/2017,Google Fit Workout,Exercise,12,minutes,163.146,NA,NA,NA,NA,NA,NA,NA,NA
09/22/2017,Steps Bonus,Exercise,-1,minutes,0,NA,NA,NA,NA,NA,NA,NA,NA
09/21/2017,Steps Bonus,Exercise,-1,minutes,0,NA,NA,NA,NA,NA,NA,NA,NA
09/21/2017,Google Fit Workout,Exercise,8,minutes,167.028,NA,NA,NA,NA,NA,NA,NA,NA
09/20/2017,Steps Bonus,Exercise,-1,minutes,0,NA,NA,NA,NA,NA,NA,NA,NA
09/18/2017,Google Fit Workout,Exercise,11,minutes,198.343,NA,NA,NA,NA,NA,NA,NA,NA
10/01/2017,Adult Multivitamin Gummies,Breakfast,2,Each,10,n/a,n/a,3,n/a,2,n/a,n/a,n/a
10/01/2017,"Crust, Hand Tossed, Large",Lunch,0.5,Each,710,15.50,22.50,122,3.50,6,4,0,800
10/01/2017,Baby Cut Carrots,Dinner,3,Ounces,35,0,1,8,0,5,2,0,65
10/01/2017,Nonfat Vanilla Yogurt,Dinner,1.5,Cups,240,0,14,44,n/a,40,0,10,210
09/30/2017,Adult Multivitamin Gummies,Breakfast,2,Each,10,n/a,n/a,3,n/a,2,n/a,n/a,n/a
09/30/2017,"Chips, Tortilla, Restaurant Style, Original",Lunch,75,Grams,375,18.75,5.36,50.89,2.68,0,2.68,0,308.4
09/30/2017,Fanta Orange,Dinner,1,Bottle,270,0,0,75,0,73,0,0,95
09/30/2017,"Crust, Hand Tossed, Large",Dinner,0.5,Each,710,15.50,22.50,122,3.50,6,4,0,800
09/30/2017,"Chips, Tortilla, Restaurant Style, Original",Snacks,50,Grams,250,12.50,3.57,33.93,1.79,0,1.79,0,205.36
09/29/2017,"Cereal, Cheerios With Milk",Breakfast,1.5,Cups,300,n/a,n/a,n/a,n/a,3,n/a,n/a,n/a
09/29/2017,"Chips, Tortilla, Restaurant Style, Original",Dinner,60,Grams,300,15,4.29,40.71,2.14,0,2.14,0,246.43
09/29/2017,4 Cheese Mexican Blend,Dinner,2.25,Servings,248,20.25,13.50,2.25,13.50,0,0,56.25,450
09/29/2017,"Salsa, Chunky, Mild",Dinner,1,Cup,32,0,0,6.40,0,6.4,1.60,0,800.10
09/29/2017,"Cookies, Chocolate Chip, Chewy",Snacks,5,Pieces,350,15,2.50,52.50,7.50,27.5,0,0,212.50
09/28/2017,"Cereal, Cheerios With Milk",Breakfast,1.5,Cups,300,n/a,n/a,n/a,n/a,3,n/a,n/a,n/a
09/28/2017,"Chips, Tortilla, Restaurant Style, Original",Lunch,28,Grams,140,7,2,19,1,0,1,0,115
09/28/2017,"Soda, Mountain Dew",Lunch,1,Can,170,0,0,46,0,46,0,0,60
09/28/2017,"Wrap, peanut butter and honey",Dinner,2,Servings,600,34,20,52,8,6,6,n/a,800
09/28/2017,"Cookies, Chocolate Chip, Chewy",Dinner,1,Piece,70,3,0.50,10.50,1.50,5.5,0,0,42.50
09/28/2017,"Drink, Ion4, Orange",Snacks,16,Fluid ounces,107,0,0,29.33,0,29.33,0,0,100
09/27/2017,"Pizza, Cheese, Slice",Lunch,2,Each,480,18,2,60,9,6,2,40,820
09/27/2017,Mellow yellow zero,Lunch,44,Ounces,18,0,0,0,n/a,0,0,0,91.67
09/27/2017,"Cookies, Chocolate Chip, Chewy",Snacks,2,Pieces,140,6,1,21,3,11,0,0,85
09/26/2017,"Pizza, Cheese, Slice",Lunch,2.25,Each,540,20.25,2.25,67.50,10.13,6.75,2.25,45,922.50
09/26/2017,Peanut Butter and Jelly Sandwich,Dinner,1,Each,370,20,17,34,3,7,7,0,477
09/25/2017,"Cereal, Cheerios With Milk",Breakfast,1.5,Cups,300,n/a,n/a,n/a,n/a,3,n/a,n/a,n/a
09/25/2017,"Pizza, Cheese, Slice",Lunch,2.25,Each,540,20.25,2.25,67.50,10.13,6.75,2.25,45,922.50
09/25/2017,4 Cheese Mexican Blend,Dinner,1,Serving,110,9,6,1,6,0,0,25,200
09/25/2017,"Chips, Tortilla, White Corn",Dinner,40,Grams,200,8.57,2.86,28.57,0.71,0,1.43,0,164.29
09/25/2017,"Cookies, Chocolate Chip, Chewy",Snacks,2,Pieces,140,6,1,21,3,11,0,0,85
10/01/2017,Steps Bonus,Exercise,-1,minutes,0,NA,NA,NA,NA,NA,NA,NA,NA
10/01/2017,Google Fit Workout,Exercise,11,minutes,216.746,NA,NA,NA,NA,NA,NA,NA,NA
09/30/2017,Steps Bonus,Exercise,-1,minutes,0,NA,NA,NA,NA,NA,NA,NA,NA
09/29/2017,Steps Bonus,Exercise,-1,minutes,0,NA,NA,NA,NA,NA,NA,NA,NA
09/28/2017,Google Fit Workout,Exercise,32,minutes,428.795,NA,NA,NA,NA,NA,NA,NA,NA
09/28/2017,Steps Bonus,Exercise,-1,minutes,0,NA,NA,NA,NA,NA,NA,NA,NA
09/27/2017,Google Fit Workout,Exercise,0,minutes,0.284511,NA,NA,NA,NA,NA,NA,NA,NA
09/27/2017,Google Fit Workout,Exercise,11,minutes,209.741,NA,NA,NA,NA,NA,NA,NA,NA
09/27/2017,Steps Bonus,Exercise,-1,minutes,0,NA,NA,NA,NA,NA,NA,NA,NA
09/26/2017,Steps Bonus,Exercise,-1,minutes,0,NA,NA,NA,NA,NA,NA,NA,NA
09/25/2017,Steps Bonus,Exercise,-1,minutes,0,NA,NA,NA,NA,NA,NA,NA,NA
12/03/2017,BlueberryToaster Pastry,Breakfast,2,Servings,360,14,4,54,5,20,2,0,360
12/03/2017,"Pizza, Cheese, Slice",Dinner,4,Each,960,36,4,120,18,12,4,80,1640
12/02/2017,Adult Multivitamin Gummies,Breakfast,2,Each,10,n/a,n/a,3,n/a,2,n/a,n/a,n/a
12/02/2017,BlueberryToaster Pastry,Lunch,2,Servings,360,14,4,54,5,20,2,0,360
12/02/2017,"Chips, Tortilla, Restaurant Style, Original",Lunch,56,Grams,280,14,4,38,2,0,2,0,230
12/02/2017,"Salsa, Jack's Special, Medium",Lunch,10,Tablespoons,50,0,0,10,0,10,0,0,575
12/02/2017,"Soda, Mountain Dew",Lunch,1,Can,170,0,0,46,0,46,0,0,60
12/02/2017,"Soda, Mountain Dew",Dinner,1,Can,170,0,0,46,0,46,0,0,60
12/02/2017,"Chips, Tortilla, Restaurant Style, Original",Dinner,40,Grams,200,10,2.86,27.14,1.43,0,1.43,0,164.29
12/02/2017,"Chips, Tortilla, Restaurant Style, Original",Snacks,56,Grams,280,14,4,38,2,0,2,0,230
12/01/2017,Adult Multivitamin Gummies,Breakfast,2,Each,10,n/a,n/a,3,n/a,2,n/a,n/a,n/a
12/01/2017,"Cheese Sticks, Mozzarella, Brd",Lunch,275,Grams,835,44.20,39.29,68.75,19.64,4.91,0,73.66,1816.96
12/01/2017,"Chips, Tortilla, Restaurant Style, Original",Dinner,56,Grams,280,14,4,38,2,0,2,0,230
12/01/2017,"Salsa, Jack's Special, Medium",Dinner,10,Tablespoons,50,0,0,10,0,10,0,0,575
11/30/2017,Adult Multivitamin Gummies,Breakfast,2,Each,10,n/a,n/a,3,n/a,2,n/a,n/a,n/a
11/30/2017,"Chips, Tortilla, Restaurant Style, Original",Lunch,60,Grams,300,15,4.29,40.71,2.14,0,2.14,0,246.43
11/30/2017,4 Cheese Mexican Blend,Lunch,2,Servings,220,18,12,2,12,0,0,50,400
11/30/2017,"Soda, Mountain Dew",Lunch,1,Can,170,0,0,46,0,46,0,0,60
11/30/2017,"Soda, Mountain Dew",Dinner,1,Can,170,0,0,46,0,46,0,0,60
11/30/2017,"Cheese Sticks, Mozzarella, Brd",Dinner,165,Grams,501,26.52,23.57,41.25,11.79,2.95,0,44.20,1090.18
11/30/2017,"Nuts, Peanuts, Cocktail",Snacks,75,Grams,455,37.50,18.75,13.39,5.36,2.68,5.36,0,308.4
11/29/2017,Adult Multivitamin Gummies,Breakfast,2,Each,10,n/a,n/a,3,n/a,2,n/a,n/a,n/a
11/29/2017,"Soda, Mountain Dew",Lunch,1,Can,170,0,0,46,0,46,0,0,60
11/29/2017,"Soylent, Original, 2.0",Lunch,1,Bottle,400,21,20,36,2,1,3,0,300
11/29/2017,"Popcorn, White Cheddar Cheese",Lunch,40,Grams,229,14.29,4.29,20,2.86,2.86,2.86,0,414.29
11/29/2017,"Popcorn, White Cheddar Cheese",Dinner,40,Grams,229,14.29,4.29,20,2.86,2.86,2.86,0,414.29
11/29/2017,Lifesavers Mints,Dinner,10,Pieces,150,0,0,37.5,0,35,0,0,0
11/28/2017,Adult Multivitamin Gummies,Breakfast,2,Each,10,n/a,n/a,3,n/a,2,n/a,n/a,n/a
11/28/2017,"Cheese Sticks, Mozzarella, Brd",Lunch,198,Grams,601,31.82,28.29,49.5,14.14,3.54,0,53.4,1308.21
11/28/2017,"Chips, Tortilla, Restaurant Style, Original",Lunch,30,Grams,150,7.50,2.14,20.36,1.7,0,1.7,0,123.21
11/28/2017,"Soda, Mountain Dew",Lunch,1,Can,170,0,0,46,0,46,0,0,60
11/28/2017,Fanta Orange,Dinner,1,Bottle,270,0,0,75,0,73,0,0,95
11/28/2017,"Popcorn, White Cheddar Cheese",Dinner,50,Grams,286,17.86,5.36,25,3.57,3.57,3.57,0,517.86
11/27/2017,Adult Multivitamin Gummies,Breakfast,2,Each,10,n/a,n/a,3,n/a,2,n/a,n/a,n/a
11/27/2017,"Chips, Tortilla, Restaurant Style, Original",Lunch,56,Grams,280,14,4,38,2,0,2,0,230
11/27/2017,"Salsa, Jack's Special, Medium",Lunch,9,Tablespoons,45,0,0,9,0,9,0,0,517.50
12/03/2017,Steps Bonus,Exercise,-1,minutes,0,NA,NA,NA,NA,NA,NA,NA,NA
12/02/2017,Steps Bonus,Exercise,-1,minutes,0,NA,NA,NA,NA,NA,NA,NA,NA
12/01/2017,Steps Bonus,Exercise,-1,minutes,193.214,NA,NA,NA,NA,NA,NA,NA,NA
11/30/2017,Steps Bonus,Exercise,-1,minutes,0,NA,NA,NA,NA,NA,NA,NA,NA
11/29/2017,Google Fit Workout,Exercise,32,minutes,429.337,NA,NA,NA,NA,NA,NA,NA,NA
11/29/2017,Steps Bonus,Exercise,-1,minutes,318.048,NA,NA,NA,NA,NA,NA,NA,NA
11/28/2017,Steps Bonus,Exercise,-1,minutes,0,NA,NA,NA,NA,NA,NA,NA,NA
11/27/2017,Steps Bonus,Exercise,-1,minutes,0,NA,NA,NA,NA,NA,NA,NA,NA
12/10/2017,Adult Multivitamin Gummies,Breakfast,2,Each,10,n/a,n/a,3,n/a,2,n/a,n/a,n/a
12/10/2017,"Chips, Tortilla, Restaurant Style, Original",Lunch,100,Grams,500,25,7.14,67.86,3.57,0,3.57,0,410.71
12/10/2017,"Crust, Hand Tossed, Large",Dinner,0.333,Each,473,10.32,14.98,81.25,2.33,4,2.66,0,532.80
12/10/2017,"Cookie, Chocolate Chip, Large",Snacks,2,Each,379,18.65,4.10,51.9,7.95,28.11,1.92,0,236.80
12/10/2017,Milk,Snacks,1.5,Servings,195,n/a,13.50,n/a,n/a,n/a,n/a,n/a,n/a
12/09/2017,Adult Multivitamin Gummies,Breakfast,2,Each,10,n/a,n/a,3,n/a,2,n/a,n/a,n/a
12/09/2017,"Crust, Hand Tossed, Large",Lunch,0.5,Each,710,15.50,22.50,122,3.50,6,4,0,800
12/09/2017,Milk,Dinner,1.5,Servings,195,n/a,13.50,n/a,n/a,n/a,n/a,n/a,n/a
12/09/2017,"Cookie, Chocolate Chip, Large",Dinner,2,Each,379,18.65,4.10,51.9,7.95,28.11,1.92,0,236.80
12/08/2017,Adult Multivitamin Gummies,Breakfast,2,Each,10,n/a,n/a,3,n/a,2,n/a,n/a,n/a
12/08/2017,4 Cheese Mexican Blend,Lunch,2,Servings,220,18,12,2,12,0,0,50,400
12/08/2017,"Chips, Tortilla, Restaurant Style, Original",Lunch,56,Grams,280,14,4,38,2,0,2,0,230
12/08/2017,"Crust, Hand Tossed, Large",Dinner,0.5,Each,710,15.50,22.50,122,3.50,6,4,0,800
12/08/2017,"Popcorn, White Cheddar Cheese",Snacks,28,Grams,160,10,3,14,2,2,2,0,290
12/07/2017,Adult Multivitamin Gummies,Breakfast,2,Each,10,n/a,n/a,3,n/a,2,n/a,n/a,n/a
12/07/2017,4 Cheese Mexican Blend,Lunch,2,Servings,220,18,12,2,12,0,0,50,400
12/07/2017,"Chips, Tortilla, Restaurant Style, Original",Lunch,56,Grams,280,14,4,38,2,0,2,0,230
12/07/2017,"Popcorn, White Cheddar Cheese",Dinner,28,Grams,160,10,3,14,2,2,2,0,290
12/07/2017,"Popcorn, White Cheddar Cheese",Snacks,28,Grams,160,10,3,14,2,2,2,0,290
12/06/2017,Adult Multivitamin Gummies,Breakfast,2,Each,10,n/a,n/a,3,n/a,2,n/a,n/a,n/a
12/06/2017,"Pizza, Cheese, Slice",Lunch,2,Each,480,18,2,60,9,6,2,40,820
12/06/2017,Tortilla Medium,Dinner,2,Servings,260,6,6,40,2,0,2,0,493.33
12/06/2017,"Peanut Butter, Creamy",Dinner,4,Tablespoons,376,32.25,16.6,12.52,6.73,5.90,3.84,0,293.76
12/06/2017,Pure Clover Honey,Dinner,2,Tablespoons,120,0,0,34,n/a,32,n/a,n/a,0
12/06/2017,"Soda, Mountain Dew",Dinner,1,Can,170,0,0,46,0,46,0,0,60
12/05/2017,Adult Multivitamin Gummies,Breakfast,2,Each,10,n/a,n/a,3,n/a,2,n/a,n/a,n/a
12/05/2017,"Waffles, Plain, Homemade",Breakfast,1,Each,218,10.57,5.92,24.68,2.15,0,0,51.75,383.25
12/05/2017,"Syrup, Maple",Breakfast,2,Tablespoons,104,0.8,0,26.84,0.1,23.81,0,0,3.60
12/05/2017,"Pizza, Cheese, Slice",Lunch,1.5,Each,360,13.50,1.50,45,6.75,4.50,1.50,30,615
12/05/2017,"Nuts, Peanuts, Cocktail",Dinner,50,Grams,304,25,12.50,8.93,3.57,1.79,3.57,0,205.36
12/05/2017,"Soda, Mountain Dew",Dinner,1,Can,170,0,0,46,0,46,0,0,60
12/04/2017,Adult Multivitamin Gummies,Breakfast,2,Each,10,n/a,n/a,3,n/a,2,n/a,n/a,n/a
12/04/2017,BlueberryToaster Pastry,Lunch,2,Servings,360,14,4,54,5,20,2,0,360
12/04/2017,"Popcorn, Butter",Lunch,9,Cups,383,27,4.50,38.25,13.50,0,6.75,0,855
12/04/2017,"Soda, Mountain Dew",Lunch,1,Can,170,0,0,46,0,46,0,0,60
12/04/2017,Tortilla Medium,Dinner,2,Servings,260,6,6,40,2,0,2,0,493.33
12/04/2017,"Peanut Butter, Creamy",Dinner,4,Tablespoons,376,32.25,16.6,12.52,6.73,5.90,3.84,0,293.76
12/04/2017,Pure Clover Honey,Dinner,2,Tablespoons,120,0,0,34,n/a,32,n/a,n/a,0
12/04/2017,Nonfat Vanilla Yogurt,Snacks,1.25,Cups,200,0,11.67,36.67,n/a,33.33,0,8.33,175
12/10/2017,Google Fit Workout,Exercise,12,minutes,61.2886,NA,NA,NA,NA,NA,NA,NA,NA
12/10/2017,Steps Bonus,Exercise,-1,minutes,0,NA,NA,NA,NA,NA,NA,NA,NA
12/09/2017,Steps Bonus,Exercise,-1,minutes,0,NA,NA,NA,NA,NA,NA,NA,NA
12/08/2017,Steps Bonus,Exercise,-1,minutes,0,NA,NA,NA,NA,NA,NA,NA,NA
12/07/2017,Steps Bonus,Exercise,-1,minutes,0,NA,NA,NA,NA,NA,NA,NA,NA
12/06/2017,Steps Bonus,Exercise,-1,minutes,0,NA,NA,NA,NA,NA,NA,NA,NA
12/05/2017,Steps Bonus,Exercise,-1,minutes,0,NA,NA,NA,NA,NA,NA,NA,NA
12/04/2017,Steps Bonus,Exercise,-1,minutes,0,NA,NA,NA,NA,NA,NA,NA,NA
11/12/2017,Adult Multivitamin Gummies,Breakfast,2,Each,10,n/a,n/a,3,n/a,2,n/a,n/a,n/a
11/12/2017,"Crust, Hand Tossed, Large",Lunch,0.5,Each,710,15.50,22.50,122,3.50,6,4,0,800
11/12/2017,"Popcorn, Butter, Microwave",Dinner,10,Cups,425,30,5,42.5,15,0,7.50,0,950
11/11/2017,Adult Multivitamin Gummies,Breakfast,2,Each,10,n/a,n/a,3,n/a,2,n/a,n/a,n/a
11/11/2017,"Cracker, Triscuit, Rosemary & Olive Oil, Baked",Lunch,10,Pieces,200,6.67,5,33.33,0,0,5,0,216.67
11/11/2017,"Crust, Hand Tossed, Large",Dinner,0.5,Each,710,15.50,22.50,122,3.50,6,4,0,800
11/10/2017,Adult Multivitamin Gummies,Breakfast,2,Each,10,n/a,n/a,3,n/a,2,n/a,n/a,n/a
11/10/2017,"Soylent, Original, 2.0",Breakfast,1,Bottle,400,21,20,36,2,1,3,0,300
11/10/2017,"Pizza, Cheese, Slice",Lunch,1.25,Each,300,11.25,1.25,37.5,5.63,3.75,1.25,25,512.50
11/10/2017,Mellow yellow zero,Lunch,30,Ounces,13,0,0,0,n/a,0,0,0,62.50
11/10/2017,"Chips, Tortilla, Restaurant Style, Original",Dinner,100,Grams,500,25,7.14,67.86,3.57,0,3.57,0,410.71
11/10/2017,Skittles,Snacks,0.5,Cup,320,3,0,74,3,60,0,0,20
11/09/2017,Adult Multivitamin Gummies,Breakfast,2,Each,10,n/a,n/a,3,n/a,2,n/a,n/a,n/a
11/09/2017,"Chips, Tortilla, Restaurant Style, Original",Lunch,60,Grams,300,15,4.29,40.71,2.14,0,2.14,0,246.43
11/09/2017,4 Cheese Mexican Blend,Lunch,1.5,Servings,165,13.50,9,1.5,9,0,0,37.50,300
11/09/2017,Medium Popcorn,Dinner,1,Container,300,35,9,81,35,n/a,3,n/a,330
11/09/2017,"Soda, Sprite, Lemon-lime",Dinner,30,Fluid ounces,350,0,0,95,0,95,0,0,175
11/09/2017,Skittles,Dinner,0.75,Cup,480,4.50,0,111,4.50,90,0,0,30
11/09/2017,"Chips, Tortilla, White Corn",Snacks,58,Grams,290,12.43,4.14,41.43,1.4,0,2.7,0,238.21
11/08/2017,Nonfat Vanilla Yogurt,Breakfast,1,Cup,160,0,9.33,29.33,n/a,26.67,0,6.67,140
11/08/2017,BlueberryToaster Pastry,Breakfast,2,Servings,360,14,4,54,5,20,2,0,360
11/08/2017,"Peanuts, Cocktail",Lunch,28,Pieces,136,11.20,5.60,4,1.60,0.80,1.60,0,76
11/08/2017,"Cracker, Triscuit, Rosemary & Olive Oil, Baked",Lunch,6,Pieces,120,4,3,20,0,0,3,0,130
11/08/2017,4 Cheese Mexican Blend,Dinner,2,Servings,220,18,12,2,12,0,0,50,400
11/08/2017,"Chips, Tortilla, White Corn",Dinner,50,Grams,250,10.71,3.57,35.71,0.89,0,1.79,0,205.36
11/08/2017,"Salsa, Jack's Special, Medium",Dinner,18,Tablespoons,90,0,0,18,0,18,0,0,1035
11/08/2017,"Popcorn, Butter Light",Snacks,1,Serving,200,7,4,31,1,0,5,0,250
11/07/2017,Adult Multivitamin Gummies,Breakfast,2,Each,10,n/a,n/a,3,n/a,2,n/a,n/a,n/a
11/07/2017,"Chips, Tortilla, White Corn",Lunch,56,Grams,280,12,4,40,1,0,2,0,230
11/07/2017,BlueberryToaster Pastry,Lunch,2,Servings,360,14,4,54,5,20,2,0,360
11/07/2017,"Soda, Mountain Dew",Lunch,1,Can,170,0,0,46,0,46,0,0,60
11/07/2017,"Salsa, Jack's Special, Medium",Lunch,9,Tablespoons,45,0,0,9,0,9,0,0,517.50
11/07/2017,"Chips, Tortilla, White Corn",Dinner,135,Grams,675,28.93,9.64,96.43,2.41,0,4.82,0,554.46
11/06/2017,Adult Multivitamin Gummies,Breakfast,2,Each,10,n/a,n/a,3,n/a,2,n/a,n/a,n/a
11/06/2017,"Soda, Mountain Dew",Lunch,2,Cans,340,0,0,92,0,92,0,0,120
11/06/2017,"Salsa, Jack's Special, Medium",Lunch,14.5,Tablespoons,73,0,0,14.5,0,14.50,0,0,833.75
11/06/2017,"Chips, Tortilla, White Corn",Lunch,56,Grams,280,12,4,40,1,0,2,0,230
11/06/2017,4 Cheese Mexican Blend,Lunch,1.666,Servings,183,14.99,10,1.67,10,0,0,41.65,333.20
11/06/2017,"Cracker, Triscuit, Rosemary & Olive Oil, Baked",Dinner,7,Pieces,140,4.67,3.50,23.33,0,0,3.50,0,151.67
11/06/2017,"Soylent, Original, 2.0",Dinner,1,Bottle,400,21,20,36,2,1,3,0,300
11/12/2017,Google Fit Workout,Exercise,28,minutes,219.843,NA,NA,NA,NA,NA,NA,NA,NA
11/12/2017,Steps Bonus,Exercise,-1,minutes,0,NA,NA,NA,NA,NA,NA,NA,NA
11/11/2017,Steps Bonus,Exercise,-1,minutes,0,NA,NA,NA,NA,NA,NA,NA,NA
11/10/2017,Steps Bonus,Exercise,-1,minutes,0,NA,NA,NA,NA,NA,NA,NA,NA
11/09/2017,Google Fit Workout,Exercise,25725,minutes,152.347,NA,NA,NA,NA,NA,NA,NA,NA
11/09/2017,Steps Bonus,Exercise,-1,minutes,260.736,NA,NA,NA,NA,NA,NA,NA,NA
11/08/2017,Steps Bonus,Exercise,-1,minutes,0,NA,NA,NA,NA,NA,NA,NA,NA
11/07/2017,Steps Bonus,Exercise,-1,minutes,0,NA,NA,NA,NA,NA,NA,NA,NA
11/06/2017,Steps Bonus,Exercise,-1,minutes,0,NA,NA,NA,NA,NA,NA,NA,NA
11/26/2017,Adult Multivitamin Gummies,Breakfast,2,Each,10,n/a,n/a,3,n/a,2,n/a,n/a,n/a
11/26/2017,"Chips, Tortilla, Restaurant Style, Original",Lunch,56,Grams,280,14,4,38,2,0,2,0,230
11/26/2017,"Soda, Mountain Dew",Lunch,1,Can,170,0,0,46,0,46,0,0,60
11/26/2017,BlueberryToaster Pastry,Dinner,2,Servings,360,14,4,54,5,20,2,0,360
11/26/2017,Nonfat Vanilla Yogurt,Dinner,1.25,Cups,200,0,11.67,36.67,n/a,33.33,0,8.33,175
11/26/2017,"Chips, Tortilla, Restaurant Style, Original",Snacks,56,Grams,280,14,4,38,2,0,2,0,230
11/26/2017,"Salsa, Jack's Special, Medium",Snacks,9,Tablespoons,45,0,0,9,0,9,0,0,517.50
11/26/2017,"Soda, Mountain Dew",Snacks,1,Can,170,0,0,46,0,46,0,0,60
11/25/2017,Adult Multivitamin Gummies,Breakfast,2,Each,10,n/a,n/a,3,n/a,2,n/a,n/a,n/a
11/25/2017,"Crust, Hand Tossed, Large",Lunch,0.333,Each,473,10.32,14.98,81.25,2.33,4,2.66,0,532.80
11/25/2017,"Cereal, Cheerios",Dinner,56,Grams,200,4,6,40,1,2,6,0,280
11/25/2017,"Milk, 2%, w/ Vitamin A & D",Dinner,225,Milliliters,116,4.59,7.66,11.14,2.90,11.74,0,18.56,109.6
11/25/2017,"Chips, Tortilla, Restaurant Style, Original",Snacks,57,Grams,285,14.25,4.7,38.68,2.4,0,2.4,0,234.11
11/24/2017,Adult Multivitamin Gummies,Breakfast,2,Each,10,n/a,n/a,3,n/a,2,n/a,n/a,n/a
11/24/2017,"Cereal, Cheerios",Lunch,56,Grams,200,4,6,40,1,2,6,0,280
11/24/2017,"Milk, 2%, w/ Vitamin A & D",Lunch,244,Milliliters,126,4.98,8.30,12.8,3.15,12.73,0,20.13,118.27
11/24/2017,"Popcorn, White Cheddar Cheese",Lunch,30,Grams,171,10.71,3.21,15,2.14,2.14,2.14,0,310.71
11/24/2017,"Crust, Hand Tossed, Large",Dinner,0.666,Each,946,20.65,29.97,162.5,4.66,7.99,5.33,0,1065.60
11/24/2017,"Chips, Tortilla, Restaurant Style, Original",Snacks,56,Grams,280,14,4,38,2,0,2,0,230
11/24/2017,"Cookies, Chips Ahoy",Snacks,0.75,Each,40,2,0.25,5.5,0.63,2.75,0.25,0,27.50
11/23/2017,Adult Multivitamin Gummies,Breakfast,2,Each,10,n/a,n/a,3,n/a,2,n/a,n/a,n/a
11/23/2017,"Chips, Tortilla, Restaurant Style, Original",Lunch,70,Grams,350,17.50,5,47.5,2.50,0,2.50,0,287.50
11/23/2017,"Soda, Mountain Dew",Lunch,591,Milliliters,283,0,0,76.58,0,76.58,0,0,99.89
11/23/2017,"Popcorn, White Cheddar Cheese",Dinner,57,Grams,326,20.36,6.11,28.5,4.7,4.7,4.7,0,590.36
11/23/2017,Skittles,Snacks,0.5,Cup,320,3,0,74,3,60,0,0,20
11/22/2017,Adult Multivitamin Gummies,Breakfast,2,Each,10,n/a,n/a,3,n/a,2,n/a,n/a,n/a
11/22/2017,"Soylent, Original, 2.0",Lunch,1,Bottle,400,21,20,36,2,1,3,0,300
11/22/2017,"Soda, Mountain Dew",Dinner,591,Milliliters,283,0,0,76.58,0,76.58,0,0,99.89
11/22/2017,Skittles,Dinner,0.666,Cup,426,4,0,98.57,4,79.92,0,0,26.64
11/22/2017,Medium Popcorn,Dinner,0.666,Container,200,23.31,5.99,53.95,23.31,n/a,2,n/a,219.78
11/22/2017,"Popcorn, White Cheddar Cheese",Snacks,51,Grams,291,18.21,5.46,25.5,3.64,3.64,3.64,0,528.21
11/21/2017,Adult Multivitamin Gummies,Breakfast,2,Each,10,n/a,n/a,3,n/a,2,n/a,n/a,n/a
11/21/2017,"Popcorn, White Cheddar Cheese",Lunch,44,Grams,251,15.71,4.71,22,3.14,3.14,3.14,0,455.71
11/21/2017,"Cereal, Cheerios",Dinner,57,Grams,204,4.7,6.11,40.71,1.2,2.4,6.11,0,285
11/21/2017,"Milk, 2%, w/ Vitamin A & D",Dinner,241,Milliliters,124,4.92,8.20,11.93,3.11,12.58,0,19.88,116.82
11/21/2017,"Popcorn, White Cheddar Cheese",Dinner,47,Grams,269,16.79,5.4,23.5,3.36,3.36,3.36,0,486.79
11/21/2017,"Cookies, Chips Ahoy",Snacks,7,Each,373,18.67,2.33,51.33,5.83,25.67,2.33,0,256.67
11/21/2017,"Milk, 2%, w/ Vitamin A & D",Snacks,125,Milliliters,64,2.55,4.25,6.19,1.61,6.52,0,10.31,60.59
11/20/2017,Adult Multivitamin Gummies,Breakfast,2,Each,10,n/a,n/a,3,n/a,2,n/a,n/a,n/a
11/20/2017,"Chips, Tortilla, Restaurant Style, Original",Lunch,56,Grams,280,14,4,38,2,0,2,0,230
11/20/2017,"Pizza, Cheese, Slice",Dinner,4,Each,960,36,4,120,18,12,4,80,1640
11/26/2017,Google Fit Workout,Exercise,295,minutes,635.583,NA,NA,NA,NA,NA,NA,NA,NA
11/26/2017,Steps Bonus,Exercise,-1,minutes,0,NA,NA,NA,NA,NA,NA,NA,NA
11/26/2017,Google Fit Workout,Exercise,32,minutes,240.393,NA,NA,NA,NA,NA,NA,NA,NA
11/26/2017,Google Fit Workout,Exercise,14,minutes,71.489,NA,NA,NA,NA,NA,NA,NA,NA
11/25/2017,Google Fit Workout,Exercise,44,minutes,329.682,NA,NA,NA,NA,NA,NA,NA,NA
11/25/2017,Steps Bonus,Exercise,-1,minutes,0,NA,NA,NA,NA,NA,NA,NA,NA
11/24/2017,Steps Bonus,Exercise,-1,minutes,0,NA,NA,NA,NA,NA,NA,NA,NA
11/23/2017,Google Fit Workout,Exercise,0,minutes,0.966478,NA,NA,NA,NA,NA,NA,NA,NA
11/23/2017,Situps,Exercise,15,minutes,0,NA,NA,NA,NA,NA,NA,NA,NA
11/23/2017,Steps Bonus,Exercise,-1,minutes,0,NA,NA,NA,NA,NA,NA,NA,NA
11/22/2017,Google Fit Workout,Exercise,30,minutes,148.202,NA,NA,NA,NA,NA,NA,NA,NA
11/22/2017,Google Fit Workout,Exercise,28,minutes,140.808,NA,NA,NA,NA,NA,NA,NA,NA
11/22/2017,Steps Bonus,Exercise,-1,minutes,248.066,NA,NA,NA,NA,NA,NA,NA,NA
11/22/2017,Google Fit Workout,Exercise,31,minutes,237.458,NA,NA,NA,NA,NA,NA,NA,NA
11/22/2017,Google Fit Workout,Exercise,11,minutes,163.986,NA,NA,NA,NA,NA,NA,NA,NA
11/21/2017,Google Fit Workout,Exercise,40,minutes,302.783,NA,NA,NA,NA,NA,NA,NA,NA
11/21/2017,Steps Bonus,Exercise,-1,minutes,0,NA,NA,NA,NA,NA,NA,NA,NA
11/20/2017,Steps Bonus,Exercise,-1,minutes,0,NA,NA,NA,NA,NA,NA,NA,NA
10/08/2017,Adult Multivitamin Gummies,Breakfast,2,Each,10,n/a,n/a,3,n/a,2,n/a,n/a,n/a
10/08/2017,"Pizza, Cheese, Slice",Lunch,2,Each,480,18,2,60,9,6,2,40,820
10/08/2017,"Soda, Lemon-lime",Lunch,10,Fluid ounces,120,0,0,32.5,0,32.5,0,0,55
10/08/2017,"Chips, Tortilla, Restaurant Style, Original",Dinner,60,Grams,300,15,4.29,40.71,2.14,0,2.14,0,246.43
10/08/2017,Chocolate Chip Cookie Ice Cream Sandwich,Snacks,1,Serving,380,15,3,57,6,34,1,10,210
10/08/2017,"Chips, The Original",Snacks,38.5,Pieces,361,21.66,2.41,36.9,6.2,0,2.41,0,360.94
10/07/2017,Adult Multivitamin Gummies,Breakfast,2,Each,10,n/a,n/a,3,n/a,2,n/a,n/a,n/a
10/07/2017,"Wrap, peanut butter and honey",Lunch,2,Servings,600,34,20,52,8,6,6,n/a,800
10/07/2017,BlueberryToaster Pastry,Dinner,2,Servings,360,14,4,54,5,20,2,0,360
10/07/2017,"Peanuts, Cocktail",Dinner,70,Pieces,340,28,14,10,4,2,4,0,190
10/06/2017,"Soylent, Original, 2.0",Breakfast,1,Bottle,400,21,20,36,2,1,3,0,300
10/06/2017,Adult Multivitamin Gummies,Breakfast,2,Each,10,n/a,n/a,3,n/a,2,n/a,n/a,n/a
10/06/2017,"Pizza, Cheese, Slice",Lunch,2.5,Each,600,22.50,2.50,75,11.25,7.5,2.50,50,1025
10/06/2017,Mellow yellow zero,Lunch,40,Ounces,17,0,0,0,n/a,0,0,0,83.33
10/06/2017,"Jelly, Concord Grape",Dinner,1,Tablespoon,37,0,0,9.61,n/a,5.91,n/a,n/a,7.39
10/06/2017,"Peanut Butter, Creamy",Dinner,1,Tablespoon,94,8.6,4.1,3.13,1.68,1.48,0.96,0,73.44
10/06/2017,White Enriched Sandwich Bread,Dinner,2,Slices,140,2,4,28,0,4,0,0,250
10/05/2017,Adult Multivitamin Gummies,Breakfast,2,Each,10,n/a,n/a,3,n/a,2,n/a,n/a,n/a
10/05/2017,White Enriched Sandwich Bread,Lunch,2,Slices,140,2,4,28,0,4,0,0,250
10/05/2017,Nonfat Vanilla Yogurt,Lunch,1.5,Cups,120,0,7,22,n/a,20,0,5,105
10/05/2017,"Peanut Butter, Creamy",Lunch,1,Tablespoon,95,8,3.50,3,1.50,1.5,1,0,75
10/05/2017,"Jelly, Concord Grape",Lunch,1,Tablespoon,37,0,0,9.61,n/a,5.91,n/a,n/a,7.39
10/05/2017,"Popcorn, Homestyle",Dinner,102,Grams,510,31.17,8.50,51,4.25,0,8.50,0,1161.67
10/05/2017,"Cereal, Cheerios",Snacks,1.75,Cups,100,2,3,20,0.50,1,3,0,140
10/05/2017,"Drink, Ion4, Orange",Snacks,6,Fluid ounces,40,0,0,11,0,11,0,0,37.50
10/04/2017,Adult Multivitamin Gummies,Breakfast,2,Each,10,n/a,n/a,3,n/a,2,n/a,n/a,n/a
10/04/2017,"Cereal, Cheerios",Lunch,30,Grams,107,2.14,3.21,21.43,0.54,1.7,3.21,0,150
10/04/2017,"Milk, 2%, w/ Vitamin A & D",Lunch,130,Milliliters,67,2.65,4.42,6.44,1.68,6.78,0,10.73,63.1
10/04/2017,"Tortilla Chips, Nacho Cheese",Lunch,58,Grams,290,16.57,4.14,33.14,2.7,0,2.7,0,435
10/04/2017,"Tortilla Chips, Nacho Cheese",Snacks,80,Grams,400,22.86,5.71,45.71,2.86,0,2.86,0,600
10/04/2017,"Tortilla Chips, Nacho Cheese",Snacks,80,Grams,400,22.86,5.71,45.71,2.86,0,2.86,0,600
10/03/2017,"Soylent, Original, 2.0",Breakfast,1,Bottle,400,21,20,36,2,1,3,0,300
10/03/2017,Adult Multivitamin Gummies,Breakfast,2,Each,10,n/a,n/a,3,n/a,2,n/a,n/a,n/a
10/03/2017,Tortilla Medium,Lunch,1,Serving,130,3,3,20,1,0,1,0,246.67
10/03/2017,"Peanut Butter, Creamy",Lunch,2,Tablespoons,188,16.12,8.3,6.26,3.36,2.95,1.92,0,146.88
10/03/2017,Pure Clover Honey,Lunch,1,Tablespoon,60,0,0,17,n/a,16,n/a,n/a,0
10/03/2017,"Cereal, Cheerios",Dinner,1.75,Cups,175,3.50,5.25,35,0.88,1.75,5.25,0,245
10/03/2017,"Milk, 2%, w/ Vitamin A & D",Dinner,240,Milliliters,124,4.90,8.17,11.88,3.9,12.52,0,19.80,116.33
10/03/2017,"Chips, Tortilla, Nacho Cheese",Dinner,25,Pieces,318,18.18,4.55,36.36,2.27,0,2.27,0,477.27
10/02/2017,Adult Multivitamin Gummies,Breakfast,2,Each,10,n/a,n/a,3,n/a,2,n/a,n/a,n/a
10/02/2017,"Wrap, peanut butter and honey",Lunch,1,Serving,300,17,10,26,4,3,3,n/a,400
10/02/2017,"Nuts, Peanuts, Cocktail",Lunch,2,Ounces,340,28,14,10,4,2,4,0,230
10/02/2017,"Candy, Chocolate",Lunch,25,Pieces,90,3.75,0.75,12.75,2.25,11.25,0.38,1.88,11.25
10/02/2017,Mellow yellow zero,Dinner,30,Ounces,13,0,0,0,n/a,0,0,0,62.50
10/02/2017,"Pizza, Cheese, Slice",Dinner,2,Each,480,18,2,60,9,6,2,40,820
10/08/2017,Google Fit Workout,Exercise,9,minutes,143.16,NA,NA,NA,NA,NA,NA,NA,NA
10/08/2017,Steps Bonus,Exercise,-1,minutes,0,NA,NA,NA,NA,NA,NA,NA,NA
10/07/2017,Google Fit Workout,Exercise,12,minutes,163.04,NA,NA,NA,NA,NA,NA,NA,NA
10/07/2017,Google Fit Workout,Exercise,18,minutes,94.1828,NA,NA,NA,NA,NA,NA,NA,NA
10/07/2017,Google Fit Workout,Exercise,16,minutes,90.655,NA,NA,NA,NA,NA,NA,NA,NA
10/07/2017,Steps Bonus,Exercise,-1,minutes,0,NA,NA,NA,NA,NA,NA,NA,NA
10/06/2017,Google Fit Workout,Exercise,20,minutes,177.489,NA,NA,NA,NA,NA,NA,NA,NA
10/06/2017,Steps Bonus,Exercise,-1,minutes,0,NA,NA,NA,NA,NA,NA,NA,NA
10/05/2017,Google Fit Workout,Exercise,32,minutes,438.925,NA,NA,NA,NA,NA,NA,NA,NA
10/05/2017,Steps Bonus,Exercise,-1,minutes,305.802,NA,NA,NA,NA,NA,NA,NA,NA
10/04/2017,Steps Bonus,Exercise,-1,minutes,0,NA,NA,NA,NA,NA,NA,NA,NA
10/03/2017,Google Fit Workout,Exercise,0,minutes,0.227529,NA,NA,NA,NA,NA,NA,NA,NA
10/03/2017,Steps Bonus,Exercise,-1,minutes,0,NA,NA,NA,NA,NA,NA,NA,NA
10/02/2017,Google Fit Workout,Exercise,12,minutes,153.969,NA,NA,NA,NA,NA,NA,NA,NA
10/02/2017,Steps Bonus,Exercise,-1,minutes,304.843,NA,NA,NA,NA,NA,NA,NA,NA
10/15/2017,Adult Multivitamin Gummies,Breakfast,2,Each,10,n/a,n/a,3,n/a,2,n/a,n/a,n/a
10/15/2017,"Chips, Tortilla, Restaurant Style, Original",Lunch,58,Grams,290,14.50,4.14,39.36,2.7,0,2.7,0,238.21
10/15/2017,"Soda, Mountain Dew",Lunch,360,Milliliters,172,0,0,46.65,0,46.65,0,0,60.85
10/15/2017,"Soda, Mountain Dew",Dinner,187,Milliliters,90,0,0,24.23,0,24.23,0,0,31.61
10/15/2017,"Chips, Tortilla, Restaurant Style, Original",Dinner,60,Grams,300,15,4.29,40.71,2.14,0,2.14,0,246.43
10/15/2017,"Peanut Butter, Creamy",Dinner,30,Milliliters,193,16.23,7.10,6.9,3.4,3.4,2.3,0,152.16
10/15/2017,Pure Clover Honey,Dinner,15,Milliliters,61,0,0,17.25,n/a,16.23,n/a,n/a,0
10/15/2017,Baby Cut Carrots,Dinner,73,Grams,30,0,0.86,6.87,0,4.29,1.72,0,55.79
10/14/2017,Adult Multivitamin Gummies,Breakfast,2,Each,10,n/a,n/a,3,n/a,2,n/a,n/a,n/a
10/14/2017,"Chips, Tortilla, Restaurant Style, Original",Lunch,64,Grams,320,16,4.57,43.43,2.29,0,2.29,0,262.86
10/14/2017,"Soda, Mountain Dew",Lunch,385,Milliliters,184,0,0,49.89,0,49.89,0,0,65.7
10/14/2017,"Chips, Tortilla, Restaurant Style, Original",Dinner,56,Grams,280,14,4,38,2,0,2,0,230
10/14/2017,Nonfat Vanilla Yogurt,Dinner,1.75,Cups,140,0,8.17,25.67,n/a,23.33,0,5.83,122.50
10/13/2017,Adult Multivitamin Gummies,Breakfast,2,Each,10,n/a,n/a,3,n/a,2,n/a,n/a,n/a
10/13/2017,"Cereal, Cheerios",Lunch,42,Grams,150,3,4.50,30,0.75,1.50,4.50,0,210
10/13/2017,"Milk, 2%, w/ Vitamin A & D",Lunch,131,Milliliters,68,2.68,4.46,6.48,1.69,6.84,0,10.81,63.50
10/13/2017,Banana,Lunch,0.5,Serving,53,0.20,0.65,13.5,0.5,7,1.55,0,0.50
10/13/2017,"Chips, Tortilla, Restaurant Style, Original",Dinner,56,Grams,280,14,4,38,2,0,2,0,230
10/13/2017,4 Cheese Mexican Blend,Dinner,2.5,Servings,275,22.50,15,2.5,15,0,0,62.50,500
10/13/2017,"Soda, Mountain Dew",Dinner,352,Milliliters,169,0,0,45.61,0,45.61,0,0,59.49
10/13/2017,"Salsa, Fresh Tomato",Dinner,260,Grams,66,0,0,2.62,0,2.62,2.62,0,1441.53
10/12/2017,Adult Multivitamin Gummies,Breakfast,2,Each,10,n/a,n/a,3,n/a,2,n/a,n/a,n/a
10/12/2017,"Pizza, Cheese, Slice",Lunch,2,Each,480,18,2,60,9,6,2,40,820
10/12/2017,Mellow yellow zero,Lunch,22,Ounces,9,0,0,0,n/a,0,0,0,45.83
10/12/2017,"Soda, Mountain Dew",Dinner,412,Milliliters,197,0,0,53.39,0,53.39,0,0,69.63
10/12/2017,BlueberryToaster Pastry,Dinner,2,Servings,360,14,4,54,5,20,2,0,360
10/11/2017,BlueberryToaster Pastry,Breakfast,2,Servings,360,14,4,54,5,20,2,0,360
10/11/2017,Adult Multivitamin Gummies,Breakfast,2,Each,10,n/a,n/a,3,n/a,2,n/a,n/a,n/a
10/11/2017,Banana,Lunch,1,Serving,105,0.40,1.30,27,0.10,14,3.10,0,1
10/11/2017,Medium Popcorn,Snacks,1,Container,300,35,9,81,35,n/a,3,n/a,330
10/11/2017,Mellow Yellow,Snacks,32,Fluid ounces,464,0,n/a,124.8,n/a,n/a,n/a,n/a,120
10/11/2017,"Soda, Mountain Dew",Snacks,428,Milliliters,205,0,0,55.46,0,55.46,0,0,72.34
10/10/2017,"Cereal, Cheerios",Breakfast,40,Grams,143,2.86,4.29,28.57,0.71,1.43,4.29,0,200
10/10/2017,"Milk, 2%, w/ Vitamin A & D",Breakfast,130,Milliliters,67,2.65,4.42,6.44,1.68,6.78,0,10.73,63.1
10/10/2017,Adult Multivitamin Gummies,Breakfast,2,Each,10,n/a,n/a,3,n/a,2,n/a,n/a,n/a
10/10/2017,Banana,Lunch,1,Serving,105,0.40,1.30,27,0.10,14,3.10,0,1
10/10/2017,"Chips, Tortilla, Restaurant Style, Original",Lunch,80,Grams,400,20,5.71,54.29,2.86,0,2.86,0,328.57
10/10/2017,"Drink, Ion4, Orange",Lunch,16,Fluid ounces,107,0,0,29.33,0,29.33,0,0,100
10/10/2017,"Salsa, Fresh Tomato",Lunch,283,Grams,71,0,0,2.85,0,2.85,2.85,0,1569.5
10/10/2017,"Salsa, Fresh Tomato",Snacks,170,Grams,43,0,0,1.71,0,1.71,1.71,0,942.54
10/10/2017,"Chips, Tortilla, Restaurant Style, Original",Snacks,80,Grams,400,20,5.71,54.29,2.86,0,2.86,0,328.57
10/09/2017,Adult Multivitamin Gummies,Breakfast,2,Each,10,n/a,n/a,3,n/a,2,n/a,n/a,n/a
10/09/2017,"Pizza, Cheese, Slice",Lunch,2,Each,480,18,2,60,9,6,2,40,820
10/09/2017,"Chips, Tortilla, Restaurant Style, Original",Dinner,65,Grams,325,16.25,4.64,44.11,2.32,0,2.32,0,266.96
10/09/2017,"Salsa, Fresh Tomato",Dinner,125,Grams,32,0,0,1.26,0,1.26,1.26,0,693.4
10/09/2017,Baby Cut Carrots,Snacks,160,Grams,66,0,1.88,15.5,0,9.41,3.76,0,122.28
10/09/2017,"Peanut Butter, Creamy",Snacks,1.5,Tablespoons,143,12,5.25,4.5,2.25,2.25,1.50,0,112.50
10/15/2017,Google Fit Workout,Exercise,10,minutes,173.022,NA,NA,NA,NA,NA,NA,NA,NA
10/15/2017,Steps Bonus,Exercise,-1,minutes,0,NA,NA,NA,NA,NA,NA,NA,NA
10/14/2017,Steps Bonus,Exercise,-1,minutes,0,NA,NA,NA,NA,NA,NA,NA,NA
10/13/2017,Google Fit Workout,Exercise,12,minutes,61.9882,NA,NA,NA,NA,NA,NA,NA,NA
10/13/2017,Google Fit Workout,Exercise,28,minutes,359.709,NA,NA,NA,NA,NA,NA,NA,NA
10/13/2017,Steps Bonus,Exercise,-1,minutes,219.219,NA,NA,NA,NA,NA,NA,NA,NA
10/12/2017,Steps Bonus,Exercise,-1,minutes,0,NA,NA,NA,NA,NA,NA,NA,NA
10/11/2017,Steps Bonus,Exercise,-1,minutes,337.68,NA,NA,NA,NA,NA,NA,NA,NA
10/11/2017,Google Fit Workout,Exercise,18,minutes,93.9897,NA,NA,NA,NA,NA,NA,NA,NA
10/11/2017,Google Fit Workout,Exercise,31,minutes,161.768,NA,NA,NA,NA,NA,NA,NA,NA
10/11/2017,Google Fit Workout,Exercise,39,minutes,467.571,NA,NA,NA,NA,NA,NA,NA,NA
10/10/2017,Steps Bonus,Exercise,-1,minutes,0,NA,NA,NA,NA,NA,NA,NA,NA
10/09/2017,Steps Bonus,Exercise,-1,minutes,0,NA,NA,NA,NA,NA,NA,NA,NA
11/05/2017,Adult Multivitamin Gummies,Breakfast,2,Each,10,n/a,n/a,3,n/a,2,n/a,n/a,n/a
11/05/2017,"Soda, Mountain Dew",Lunch,1,Can,170,0,0,46,0,46,0,0,60
11/05/2017,"Soylent, Original, 2.0",Lunch,1,Bottle,400,21,20,36,2,1,3,0,300
11/05/2017,"Cracker, Triscuit, Rosemary & Olive Oil, Baked",Dinner,12,Pieces,240,8,6,40,0,0,6,0,260
11/05/2017,Nonfat Vanilla Yogurt,Dinner,2.333,Cups,187,0,10.89,34.22,n/a,31.11,0,7.78,163.31
11/05/2017,"Soda, Mountain Dew",Dinner,1,Can,170,0,0,46,0,46,0,0,60
11/05/2017,"Cracker, Triscuit, Rosemary & Olive Oil, Baked",Snacks,6,Pieces,120,4,3,20,0,0,3,0,130
11/04/2017,Adult Multivitamin Gummies,Breakfast,2,Each,10,n/a,n/a,3,n/a,2,n/a,n/a,n/a
11/04/2017,Small Flour Tortilla,Lunch,1,Piece,75,2.25,1.50,12,1,0.50,0.50,0,160
11/04/2017,Pure Clover Honey,Lunch,0.5,Tablespoon,30,0,0,8.5,n/a,8,n/a,n/a,0
11/04/2017,"Peanut Butter, Creamy",Lunch,1,Tablespoon,94,8.6,4.1,3.13,1.68,1.48,0.96,0,73.44
11/04/2017,"Popcorn, White Cheddar Cheese",Lunch,28,Grams,160,10,3,14,2,2,2,0,290
11/04/2017,"Peanuts, Cocktail",Lunch,28,Pieces,136,11.20,5.60,4,1.60,0.80,1.60,0,76
11/04/2017,"Cookie, Chocolate Chip, Small",Dinner,75,Grams,341,15.46,3.67,48.79,7.46,28.39,1.80,0,204
11/04/2017,"Popcorn, White Cheddar Cheese",Dinner,80,Grams,457,28.57,8.57,40,5.71,5.71,5.71,0,828.57
11/04/2017,"Candy, Sugar Free Pep-o-mint",Snacks,8,Pieces,80,0,0,30,0,0,0,0,0
11/03/2017,Adult Multivitamin Gummies,Breakfast,2,Each,10,n/a,n/a,3,n/a,2,n/a,n/a,n/a
11/03/2017,"Pizza, Cheese, Slice",Lunch,1.333,Each,320,12,1.33,39.99,6,4,1.33,26.66,546.53
11/03/2017,"Popcorn, White Cheddar Cheese",Dinner,52,Grams,297,18.57,5.57,26,3.71,3.71,3.71,0,538.57
11/03/2017,"Popcorn, White Cheddar Cheese",Snacks,35,Grams,200,12.50,3.75,17.5,2.50,2.50,2.50,0,362.50
11/03/2017,"Soda, Mountain Dew",Snacks,1,Can,170,0,0,46,0,46,0,0,60
11/02/2017,Adult Multivitamin Gummies,Breakfast,2,Each,10,n/a,n/a,3,n/a,2,n/a,n/a,n/a
11/02/2017,"Chips, Tortilla, Restaurant Style, Original",Lunch,56,Grams,280,14,4,38,2,0,2,0,230
11/02/2017,Chocolate Chip Cookie Ice Cream Sandwich,Lunch,1,Serving,380,15,3,57,6,34,1,10,210
11/02/2017,"Popcorn, White Cheddar Cheese",Dinner,45,Grams,257,16.7,4.82,22.5,3.21,3.21,3.21,0,466.7
11/02/2017,"Chips, Tortilla, Restaurant Style, Original",Snacks,100,Grams,500,25,7.14,67.86,3.57,0,3.57,0,410.71
11/02/2017,"Soda, Mountain Dew",Snacks,1,Can,170,0,0,46,0,46,0,0,60
11/01/2017,Adult Multivitamin Gummies,Breakfast,2,Each,10,n/a,n/a,3,n/a,2,n/a,n/a,n/a
11/01/2017,"Chips, Tortilla, Restaurant Style, Original",Breakfast,57,Grams,285,14.25,4.7,38.68,2.4,0,2.4,0,234.11
11/01/2017,"Pizza, Cheese, Slice",Lunch,2,Each,480,18,2,60,9,6,2,40,820
11/01/2017,Mellow yellow zero,Lunch,30,Ounces,13,0,0,0,n/a,0,0,0,62.50
11/01/2017,"Chips, Tortilla, Restaurant Style, Original",Dinner,56,Grams,280,14,4,38,2,0,2,0,230
10/31/2017,Adult Multivitamin Gummies,Breakfast,2,Each,10,n/a,n/a,3,n/a,2,n/a,n/a,n/a
10/31/2017,4 Cheese Mexican Blend,Lunch,2.25,Servings,248,20.25,13.50,2.25,13.50,0,0,56.25,450
10/31/2017,"Chips, Tortilla, Restaurant Style, Original",Lunch,60,Grams,300,15,4.29,40.71,2.14,0,2.14,0,246.43
10/31/2017,"Soda, Mountain Dew",Lunch,1,Can,170,0,0,46,0,46,0,0,60
10/31/2017,"Pizza, Cheese, Slice",Dinner,2,Each,480,18,2,60,9,6,2,40,820
10/31/2017,"Skittles, Fun Size - 1 pack",Dinner,0.5,Package,120,0.30,0,7,0.30,n/a,n/a,n/a,n/a
10/30/2017,"Cereal, Cheerios",Breakfast,40,Grams,143,2.86,4.29,28.57,0.71,1.43,4.29,0,200
10/30/2017,"Milk, 2%, w/ Vitamin A & D",Breakfast,125,Milliliters,64,2.55,4.25,6.19,1.61,6.52,0,10.31,60.59
10/30/2017,Adult Multivitamin Gummies,Breakfast,2,Each,10,n/a,n/a,3,n/a,2,n/a,n/a,n/a
10/30/2017,"Peanut Butter, Creamy",Lunch,4,Tablespoons,376,32.25,16.6,12.52,6.73,5.90,3.84,0,293.76
10/30/2017,Tortilla Medium,Lunch,2,Servings,260,6,6,40,2,0,2,0,493.33
10/30/2017,Pure Clover Honey,Lunch,1,Tablespoon,60,0,0,17,n/a,16,n/a,n/a,0
10/30/2017,"Popcorn, White Cheddar Cheese",Lunch,29,Grams,166,10.36,3.11,14.5,2.7,2.7,2.7,0,300.36
10/30/2017,Pop'ems Glazed Donut Holes,Lunch,1,Piece,58,13.81,2.13,29.75,6.38,18.6,1.6,5.31,180.63
10/30/2017,"Pizza, Cheese, Slice",Dinner,1.25,Each,300,11.25,1.25,37.5,5.63,3.75,1.25,25,512.50
10/30/2017,Mellow yellow zero,Dinner,36,Ounces,15,0,0,0,n/a,0,0,0,75
11/05/2017,Google Fit Workout,Exercise,35,minutes,494.602,NA,NA,NA,NA,NA,NA,NA,NA
11/05/2017,Google Fit Workout,Exercise,16,minutes,81.2742,NA,NA,NA,NA,NA,NA,NA,NA
11/05/2017,Steps Bonus,Exercise,-1,minutes,320.705,NA,NA,NA,NA,NA,NA,NA,NA
11/04/2017,Steps Bonus,Exercise,-1,minutes,0,NA,NA,NA,NA,NA,NA,NA,NA
11/03/2017,Google Fit Workout,Exercise,34,minutes,478.064,NA,NA,NA,NA,NA,NA,NA,NA
11/03/2017,Steps Bonus,Exercise,-1,minutes,225.498,NA,NA,NA,NA,NA,NA,NA,NA
11/02/2017,Google Fit Workout,Exercise,10,minutes,138.634,NA,NA,NA,NA,NA,NA,NA,NA
11/02/2017,Google Fit Workout,Exercise,10,minutes,140.016,NA,NA,NA,NA,NA,NA,NA,NA
11/02/2017,Steps Bonus,Exercise,-1,minutes,238.92,NA,NA,NA,NA,NA,NA,NA,NA
11/01/2017,Steps Bonus,Exercise,-1,minutes,0,NA,NA,NA,NA,NA,NA,NA,NA
10/31/2017,Steps Bonus,Exercise,-1,minutes,0,NA,NA,NA,NA,NA,NA,NA,NA
10/30/2017,Steps Bonus,Exercise,-1,minutes,0,NA,NA,NA,NA,NA,NA,NA,NA
10/29/2017,"Milk, 2%, w/ Vitamin A & D",Breakfast,106,Milliliters,55,2.16,3.61,5.25,1.37,5.53,0,8.75,51.38
10/29/2017,"Cereal, Cheerios",Breakfast,35,Grams,125,2.50,3.75,25,0.63,1.25,3.75,0,175
10/29/2017,Adult Multivitamin Gummies,Breakfast,2,Each,10,n/a,n/a,3,n/a,2,n/a,n/a,n/a
10/29/2017,"Pizza, Cheese, Slice",Lunch,2,Each,480,18,2,60,9,6,2,40,820
10/29/2017,"Peanuts, Cocktail",Dinner,70,Pieces,340,28,14,10,4,2,4,0,190
10/29/2017,"Soda, Mountain Dew",Snacks,1,Can,170,0,0,46,0,46,0,0,60
10/28/2017,Adult Multivitamin Gummies,Breakfast,2,Each,10,n/a,n/a,3,n/a,2,n/a,n/a,n/a
10/28/2017,"Peanut Butter, Creamy",Lunch,4,Tablespoons,376,32.25,16.6,12.52,6.73,5.90,3.84,0,293.76
10/28/2017,Pure Clover Honey,Lunch,1,Tablespoon,60,0,0,17,n/a,16,n/a,n/a,0
10/28/2017,Tortilla Medium,Lunch,2,Servings,260,6,6,40,2,0,2,0,493.33
10/28/2017,"Cookie, Chocolate Chip, Small",Lunch,109,Grams,495,22.48,5.34,70.9,10.83,41.26,2.62,0,296.48
10/28/2017,"Popcorn, Butter, Microwave",Dinner,10,Cups,425,30,5,42.5,15,0,7.50,0,950
10/27/2017,"Chips, Tortilla, Restaurant Style, Original",Breakfast,48,Grams,240,12,3.43,32.57,1.71,0,1.71,0,197.14
10/27/2017,Adult Multivitamin Gummies,Breakfast,2,Each,10,n/a,n/a,3,n/a,2,n/a,n/a,n/a
10/27/2017,"Pizza, Cheese, Slice",Lunch,1.5,Each,360,13.50,1.50,45,6.75,4.50,1.50,30,615
10/27/2017,"Soda, Sprite, Lemon-lime",Lunch,8,Fluid ounces,93,0,0,25.33,0,25.33,0,0,46.67
10/27/2017,"Chips, Tortilla, Restaurant Style, Original",Dinner,130,Grams,650,32.50,9.29,88.21,4.64,0,4.64,0,533.93
10/27/2017,"Chips, Tortilla, Restaurant Style, Original",Snacks,50,Grams,250,12.50,3.57,33.93,1.79,0,1.79,0,205.36
10/27/2017,4 Cheese Mexican Blend,Snacks,1.666,Servings,183,14.99,10,1.67,10,0,0,41.65,333.20
10/27/2017,"Salsa, Chunky, Mild",Snacks,9.333,Tablespoons,47,0,0,9.33,0,9.33,2.33,0,1166.77
10/26/2017,Adult Multivitamin Gummies,Breakfast,2,Each,10,n/a,n/a,3,n/a,2,n/a,n/a,n/a
10/26/2017,"Chips, Tortilla, Restaurant Style, Original",Lunch,53,Grams,265,13.25,3.79,35.96,1.89,0,1.89,0,217.68
10/26/2017,4 Cheese Mexican Blend,Lunch,2,Servings,220,18,12,2,12,0,0,50,400
10/26/2017,"Salsa, Chunky, Mild",Lunch,12,Tablespoons,60,0,0,12,0,12,3,0,1500.18
10/26/2017,"Cookie, Chocolate Chip, Small",Dinner,75,Grams,341,15.46,3.67,48.79,7.46,28.39,1.80,0,204
10/26/2017,"Popcorn, White Cheddar Cheese",Snacks,75,Grams,429,26.79,8.4,37.5,5.36,5.36,5.36,0,776.79
10/25/2017,Nonfat Vanilla Yogurt,Breakfast,1.5,Cups,120,0,7,22,n/a,20,0,5,105
10/25/2017,"Nuts, Peanuts, Cocktail",Breakfast,46,Grams,279,23,11.50,8.21,3.29,1.64,3.29,0,188.93
10/25/2017,Adult Multivitamin Gummies,Breakfast,2,Each,10,n/a,n/a,3,n/a,2,n/a,n/a,n/a
10/25/2017,"Doritos, Cool Ranch",Lunch,2.5,Servings,375,20,5,45,2.50,2.50,5,0,450
10/25/2017,Mellow Yellow,Lunch,591.5,Milliliters,290,0,n/a,78,n/a,n/a,n/a,n/a,75
10/25/2017,"Soylent, Original, 2.0",Dinner,1,Bottle,400,21,20,36,2,1,3,0,300
10/25/2017,Baby Cut Carrots,Snacks,159,Grams,65,0,1.87,14.96,0,9.35,3.74,0,121.52
10/24/2017,Nonfat Vanilla Yogurt,Breakfast,1.5,Cups,120,0,7,22,n/a,20,0,5,105
10/24/2017,Adult Multivitamin Gummies,Breakfast,2,Each,10,n/a,n/a,3,n/a,2,n/a,n/a,n/a
10/24/2017,"Popcorn, White Cheddar Cheese",Lunch,38,Grams,217,13.57,4.7,19,2.71,2.71,2.71,0,393.57
10/24/2017,"Peanuts, Cocktail",Lunch,69,Pieces,335,27.60,13.80,9.86,3.94,1.97,3.94,0,187.29
10/24/2017,"Popcorn, White Cheddar Cheese",Dinner,28,Grams,160,10,3,14,2,2,2,0,290
10/24/2017,Pure Clover Honey,Dinner,0.666,Tablespoon,40,0,0,11.32,n/a,10.66,n/a,n/a,0
10/24/2017,"Peanut Butter, Creamy",Dinner,2,Tablespoons,188,16.12,8.3,6.26,3.36,2.95,1.92,0,146.88
10/24/2017,Tortilla Medium,Dinner,1,Serving,130,3,3,20,1,0,1,0,246.67
10/24/2017,Chocolate Chip Cookie Ice Cream Sandwich,Dinner,1,Serving,380,15,3,57,6,34,1,10,210
10/23/2017,Adult Multivitamin Gummies,Breakfast,2,Each,10,n/a,n/a,3,n/a,2,n/a,n/a,n/a
10/23/2017,"Chips, Tortilla, Restaurant Style, Original",Lunch,105,Grams,525,26.25,7.50,71.25,3.75,0,3.75,0,431.25
10/23/2017,"Popcorn, White Cheddar Cheese",Lunch,39,Grams,223,13.93,4.18,19.5,2.79,2.79,2.79,0,403.93
10/23/2017,"Soylent, Original, 2.0",Dinner,1,Bottle,400,21,20,36,2,1,3,0,300
10/29/2017,Google Fit Workout,Exercise,37,minutes,487.01,NA,NA,NA,NA,NA,NA,NA,NA
10/29/2017,Steps Bonus,Exercise,-1,minutes,396.865,NA,NA,NA,NA,NA,NA,NA,NA
10/28/2017,Steps Bonus,Exercise,-1,minutes,0,NA,NA,NA,NA,NA,NA,NA,NA
10/27/2017,Google Fit Workout,Exercise,33,minutes,484.619,NA,NA,NA,NA,NA,NA,NA,NA
10/27/2017,Google Fit Workout,Exercise,21,minutes,167.532,NA,NA,NA,NA,NA,NA,NA,NA
10/27/2017,Steps Bonus,Exercise,-1,minutes,246.015,NA,NA,NA,NA,NA,NA,NA,NA
10/26/2017,Steps Bonus,Exercise,-1,minutes,0,NA,NA,NA,NA,NA,NA,NA,NA
10/25/2017,Google Fit Workout,Exercise,2,minutes,15.7447,NA,NA,NA,NA,NA,NA,NA,NA
10/25/2017,Google Fit Workout,Exercise,11,minutes,166.23,NA,NA,NA,NA,NA,NA,NA,NA
10/25/2017,Google Fit Workout,Exercise,18,minutes,142.925,NA,NA,NA,NA,NA,NA,NA,NA
10/25/2017,Steps Bonus,Exercise,-1,minutes,0,NA,NA,NA,NA,NA,NA,NA,NA
10/24/2017,Steps Bonus,Exercise,-1,minutes,0,NA,NA,NA,NA,NA,NA,NA,NA
10/23/2017,Google Fit Workout,Exercise,10,minutes,176.019,NA,NA,NA,NA,NA,NA,NA,NA
10/23/2017,Google Fit Workout,Exercise,17,minutes,139.968,NA,NA,NA,NA,NA,NA,NA,NA
10/23/2017,Steps Bonus,Exercise,-1,minutes,207.9,NA,NA,NA,NA,NA,NA,NA,NA
10/22/2017,Adult Multivitamin Gummies,Breakfast,2,Each,10,n/a,n/a,3,n/a,2,n/a,n/a,n/a
10/22/2017,"Crust, Hand Tossed, Med",Lunch,0.5,Each,530,11.50,16.50,90.5,3,4.5,3,0,595
10/22/2017,Tortilla Medium,Dinner,1,Serving,130,3,3,20,1,0,1,0,246.67
10/22/2017,Pure Clover Honey,Dinner,0.666,Tablespoon,40,0,0,11.32,n/a,10.66,n/a,n/a,0
10/22/2017,"Peanut Butter, Creamy",Dinner,2,Tablespoons,188,16.12,8.3,6.26,3.36,2.95,1.92,0,146.88
10/22/2017,"Popcorn, White Cheddar Cheese",Dinner,29,Grams,166,10.36,3.11,14.5,2.7,2.7,2.7,0,300.36
10/22/2017,"Chips, Tortilla, Restaurant Style, Original",Snacks,42,Grams,210,10.50,3,28.5,1.50,0,1.50,0,172.50
10/21/2017,Adult Multivitamin Gummies,Breakfast,2,Each,10,n/a,n/a,3,n/a,2,n/a,n/a,n/a
10/21/2017,Baby Cut Carrots,Lunch,112,Grams,46,0,1.32,10.54,0,6.58,2.63,0,85.60
10/21/2017,"Peanut Butter, Creamy",Lunch,1.333,Tablespoons,125,10.75,5.35,4.17,2.24,1.97,1.28,0,97.90
10/21/2017,Nonfat Vanilla Yogurt,Lunch,1.5,Cups,120,0,7,22,n/a,20,0,5,105
10/21/2017,"Popcorn, White Cheddar Cheese",Lunch,47,Grams,269,16.79,5.4,23.5,3.36,3.36,3.36,0,486.79
10/21/2017,"Crust, Hand Tossed, Med",Dinner,0.5,Each,530,11.50,16.50,90.5,3,4.5,3,0,595
10/21/2017,Chocolate Bar,Dinner,1,Serving,280,16,4,35,10,32,2,10,45
10/20/2017,Adult Multivitamin Gummies,Breakfast,2,Each,10,n/a,n/a,3,n/a,2,n/a,n/a,n/a
10/20/2017,"Pizza, Cheese, Slice",Lunch,2,Each,480,18,2,60,9,6,2,40,820
10/20/2017,Mellow yellow zero,Lunch,22,Ounces,9,0,0,0,n/a,0,0,0,45.83
10/20/2017,"Chips, Tortilla, Restaurant Style, Original",Dinner,67,Grams,335,16.75,4.79,45.46,2.39,0,2.39,0,275.18
10/20/2017,"Chips, Tortilla, Restaurant Style, Original",Dinner,40,Grams,200,10,2.86,27.14,1.43,0,1.43,0,164.29
10/20/2017,"Milk, 2%, w/ Vitamin A & D",Dinner,76,Milliliters,39,1.55,2.59,3.76,0.98,3.97,0,6.27,36.84
10/20/2017,"Cookie, Chocolate Chip, Small",Dinner,137,Grams,622,28.25,6.71,89.12,13.62,51.85,3.29,0,372.64
10/19/2017,Adult Multivitamin Gummies,Breakfast,2,Each,10,n/a,n/a,3,n/a,2,n/a,n/a,n/a
10/19/2017,"Chips, Tortilla, Restaurant Style, Original",Lunch,52,Grams,260,13,3.71,35.29,1.86,0,1.86,0,213.57
10/19/2017,4 Cheese Mexican Blend,Lunch,1.666,Servings,183,14.99,10,1.67,10,0,0,41.65,333.20
10/19/2017,"Salsa, Chunky, Mild",Lunch,10,Tablespoons,50,0,0,10,0,10,2.50,0,1250.15
10/19/2017,"Milk, 2%, w/ Vitamin A & D",Snacks,134,Milliliters,69,2.74,4.56,6.63,1.73,6.99,0,11.6,64.95
10/19/2017,"Cookie, Chocolate Chip, Small",Snacks,99,Grams,449,20.41,4.85,64.4,9.84,37.47,2.38,0,269.28
10/19/2017,"Popcorn, White Cheddar Cheese",Snacks,43,Grams,246,15.36,4.61,21.5,3.7,3.7,3.7,0,445.36
10/18/2017,"Milk, 2%, w/ Vitamin A & D",Breakfast,206,Milliliters,106,4.21,7.1,10.2,2.66,10.75,0,17,99.85
10/18/2017,"Cereal, Cheerios",Breakfast,52,Grams,186,3.71,5.57,37.14,0.93,1.86,5.57,0,260
10/18/2017,Adult Multivitamin Gummies,Breakfast,2,Each,10,n/a,n/a,3,n/a,2,n/a,n/a,n/a
10/18/2017,"Chips, Tortilla, Restaurant Style, Original",Lunch,57,Grams,285,14.25,4.7,38.68,2.4,0,2.4,0,234.11
10/18/2017,"Salsa, Chunky, Mild",Lunch,89.666,Milliliters,30,0,0,5.86,0,5.86,1.47,0,732.66
10/18/2017,"Drink, Ion4, Orange",Lunch,308,Milliliters,69,0,0,19.9,0,19.9,0,0,65.9
10/18/2017,4 Cheese Mexican Blend,Lunch,2,Servings,220,18,12,2,12,0,0,50,400
10/18/2017,"Popcorn, White Cheddar Cheese",Snacks,77,Grams,440,27.50,11,35.75,5.50,5.5,5.50,13.75,660
10/18/2017,Chocolate Chip Cookie Sandwich,Snacks,1,Serving,380,15,3,57,6,34,1,10,210
10/17/2017,Adult Multivitamin Gummies,Breakfast,2,Each,10,n/a,n/a,3,n/a,2,n/a,n/a,n/a
10/17/2017,"Cookie, Chocolate Chip, Small",Lunch,150,Grams,681,30.93,7.35,97.58,14.91,56.77,3.60,0,408
10/17/2017,"Milk, 2%, w/ Vitamin A & D",Lunch,73,Milliliters,38,1.49,2.48,3.61,0.94,3.81,0,6.2,35.38
10/17/2017,"Soylent, Original, 2.0",Dinner,1,Bottle,400,21,20,36,2,1,3,0,300
10/16/2017,"Cereal, Cheerios",Breakfast,37,Grams,132,2.64,3.96,26.43,0.66,1.32,3.96,0,185
10/16/2017,"Milk, 2%, w/ Vitamin A & D",Breakfast,130,Milliliters,67,2.65,4.42,6.44,1.68,6.78,0,10.73,63.1
10/16/2017,Adult Multivitamin Gummies,Breakfast,2,Each,10,n/a,n/a,3,n/a,2,n/a,n/a,n/a
10/16/2017,"Juice, Orange",Lunch,8,Fluid ounces,112,0.50,1.74,25.79,0.5,20.83,0.50,0,2.48
10/16/2017,"Waffles, Plain, Homemade",Lunch,1,Each,218,10.57,5.92,24.68,2.15,0,0,51.75,383.25
10/16/2017,"Syrup, Maple",Lunch,3,Tablespoons,157,0.12,0,40.25,0.2,35.71,0,0,5.40
10/16/2017,Mellow yellow zero,Dinner,22,Ounces,9,0,0,0,n/a,0,0,0,45.83
10/16/2017,"Pizza, Cheese, Slice",Dinner,2,Each,480,18,2,60,9,6,2,40,820
10/16/2017,"Chips, Tortilla, Restaurant Style, Original",Snacks,70,Grams,350,17.50,5,47.5,2.50,0,2.50,0,287.50
10/16/2017,"Peanuts, Cocktail",Snacks,49,Pieces,238,19.60,9.80,7,2.80,1.4,2.80,0,133
10/22/2017,Google Fit Workout,Exercise,12,minutes,211.4,NA,NA,NA,NA,NA,NA,NA,NA
10/22/2017,Steps Bonus,Exercise,-1,minutes,0,NA,NA,NA,NA,NA,NA,NA,NA
10/21/2017,Steps Bonus,Exercise,-1,minutes,0,NA,NA,NA,NA,NA,NA,NA,NA
10/21/2017,Google Fit Workout,Exercise,27,minutes,323.012,NA,NA,NA,NA,NA,NA,NA,NA
10/21/2017,Google Fit Workout,Exercise,8,minutes,173.007,NA,NA,NA,NA,NA,NA,NA,NA
10/20/2017,Google Fit Workout,Exercise,33,minutes,468.55,NA,NA,NA,NA,NA,NA,NA,NA
10/20/2017,Steps Bonus,Exercise,-1,minutes,227.304,NA,NA,NA,NA,NA,NA,NA,NA
10/19/2017,Steps Bonus,Exercise,-1,minutes,0,NA,NA,NA,NA,NA,NA,NA,NA
10/18/2017,Google Fit Workout,Exercise,35,minutes,461.277,NA,NA,NA,NA,NA,NA,NA,NA
10/18/2017,Steps Bonus,Exercise,-1,minutes,223.11,NA,NA,NA,NA,NA,NA,NA,NA
10/17/2017,Steps Bonus,Exercise,-1,minutes,0,NA,NA,NA,NA,NA,NA,NA,NA
10/16/2017,Steps Bonus,Exercise,-1,minutes,0,NA,NA,NA,NA,NA,NA,NA,NA
11/19/2017,Adult Multivitamin Gummies,Breakfast,2,Each,10,n/a,n/a,3,n/a,2,n/a,n/a,n/a
11/19/2017,"Chips, Tortilla, Restaurant Style, Original",Lunch,56,Grams,280,14,4,38,2,0,2,0,230
11/19/2017,"Milk, 2%, w/ Vitamin A & D",Lunch,225,Milliliters,116,4.59,7.66,11.14,2.90,11.74,0,18.56,109.6
11/19/2017,"Cereal, Cheerios",Lunch,61,Grams,218,4.36,6.54,43.57,1.9,2.18,6.54,0,305
11/19/2017,"Chips, Tortilla, Restaurant Style, Original",Dinner,56,Grams,280,14,4,38,2,0,2,0,230
11/19/2017,"Peanuts, Cocktail",Dinner,60,Pieces,291,24,12,8.57,3.43,1.71,3.43,0,162.86
11/19/2017,"Peanut Butter, Creamy",Dinner,2,Tablespoons,188,16.12,8.3,6.26,3.36,2.95,1.92,0,146.88
11/19/2017,Pure Clover Honey,Dinner,1,Tablespoon,60,0,0,17,n/a,16,n/a,n/a,0
11/19/2017,Tortilla Medium,Dinner,1,Serving,130,3,3,20,1,0,1,0,246.67
11/19/2017,"Cookies, Chips Ahoy",Snacks,7,Each,373,18.67,2.33,51.33,5.83,25.67,2.33,0,256.67
11/19/2017,"Milk, 2%, w/ Vitamin A & D",Snacks,177.5,Milliliters,92,3.62,6.4,8.79,2.29,9.26,0,14.64,86.4
11/18/2017,Adult Multivitamin Gummies,Breakfast,2,Each,10,n/a,n/a,3,n/a,2,n/a,n/a,n/a
11/18/2017,"Popcorn, White Cheddar Cheese",Lunch,40,Grams,229,14.29,4.29,20,2.86,2.86,2.86,0,414.29
11/18/2017,"Soylent, Original, 2.0",Lunch,1,Bottle,400,21,20,36,2,1,3,0,300
11/18/2017,"Milk, 2%, w/ Vitamin A & D",Dinner,244,Milliliters,126,4.98,8.30,12.8,3.15,12.73,0,20.13,118.27
11/18/2017,"Cereal, Cheerios",Dinner,84,Grams,300,6,9,60,1.50,3,9,0,420
11/18/2017,"Popcorn, White Cheddar Cheese",Dinner,28,Grams,160,10,3,14,2,2,2,0,290
11/18/2017,"Cookies, Chips Ahoy",Snacks,7,Each,373,18.67,2.33,51.33,5.83,25.67,2.33,0,256.67
11/17/2017,Adult Multivitamin Gummies,Breakfast,2,Each,10,n/a,n/a,3,n/a,2,n/a,n/a,n/a
11/17/2017,Pure Clover Honey,Lunch,0.5,Tablespoon,30,0,0,8.5,n/a,8,n/a,n/a,0
11/17/2017,Tortilla Medium,Lunch,1,Serving,130,3,3,20,1,0,1,0,246.67
11/17/2017,"Peanut Butter, Creamy",Lunch,2,Tablespoons,188,16.12,8.3,6.26,3.36,2.95,1.92,0,146.88
11/17/2017,Nonfat Vanilla Yogurt,Lunch,0.75,Cup,120,0,7,22,n/a,20,0,5,105
11/17/2017,"Popcorn, White Cheddar Cheese",Lunch,29,Grams,166,10.36,3.11,14.5,2.7,2.7,2.7,0,300.36
11/17/2017,"Popcorn, White Cheddar Cheese",Dinner,44,Grams,251,15.71,4.71,22,3.14,3.14,3.14,0,455.71
11/17/2017,"Peanut Butter, Creamy",Dinner,2,Tablespoons,188,16.12,8.3,6.26,3.36,2.95,1.92,0,146.88
11/17/2017,Tortilla Medium,Dinner,1,Serving,130,3,3,20,1,0,1,0,246.67
11/17/2017,Pure Clover Honey,Dinner,0.5,Tablespoon,30,0,0,8.5,n/a,8,n/a,n/a,0
11/17/2017,Chocolate Chip Cookie Ice Cream Sandwich,Dinner,1,Serving,380,15,3,57,6,34,1,10,210
11/17/2017,"Drink, Ion4, Orange",Snacks,18,Fluid ounces,120,0,0,33,0,33,0,0,112.50
11/16/2017,Adult Multivitamin Gummies,Breakfast,2,Each,10,n/a,n/a,3,n/a,2,n/a,n/a,n/a
11/16/2017,"Chips, Tortilla, Restaurant Style, Original",Lunch,63,Grams,315,15.75,4.50,42.75,2.25,0,2.25,0,258.75
11/16/2017,"Salsa, Jack's Special, Medium",Lunch,15,Tablespoons,75,0,0,15,0,15,0,0,862.50
11/16/2017,"Drink, Ion4, Orange",Lunch,225,Milliliters,51,0,0,13.95,0,13.95,0,0,47.55
11/16/2017,"Popcorn, Butter Light",Dinner,2,Servings,400,14,8,62,2,0,10,0,500
11/16/2017,"Cookies, Chips Ahoy",Dinner,4,Each,213,10.67,1.33,29.33,3.33,14.67,1.33,0,146.67
11/16/2017,"Chips, Tortilla, Restaurant Style, Original",Snacks,28,Grams,140,7,2,19,1,0,1,0,115
11/15/2017,Adult Multivitamin Gummies,Breakfast,2,Each,10,n/a,n/a,3,n/a,2,n/a,n/a,n/a
11/15/2017,"Cereal, Cheerios",Breakfast,47,Grams,168,3.36,5.4,33.57,0.84,1.68,5.4,0,235
11/15/2017,"Milk, 2%, w/ Vitamin A & D",Breakfast,200,Milliliters,103,4.8,6.81,9.9,2.58,10.44,0,16.50,96.94
11/15/2017,"Pizza, Cheese, Slice",Lunch,2,Each,480,18,2,60,9,6,2,40,820
11/15/2017,Mellow yellow zero,Lunch,30,Ounces,13,0,0,0,n/a,0,0,0,62.50
11/15/2017,"Chips, Tortilla, Restaurant Style, Original",Dinner,56,Grams,280,14,4,38,2,0,2,0,230
11/15/2017,"Salsa, Jack's Special, Medium",Dinner,19,Tablespoons,95,0,0,19,0,19,0,0,1092.50
11/15/2017,"Milk, 2%, w/ Vitamin A & D",Snacks,101,Milliliters,52,2.6,3.44,5,1.30,5.27,0,8.33,48.96
11/15/2017,"Cookies, Chips Ahoy",Snacks,6,Each,320,16,2,44,5,22,2,0,220
11/14/2017,Adult Multivitamin Gummies,Breakfast,2,Each,10,n/a,n/a,3,n/a,2,n/a,n/a,n/a
11/14/2017,"Cereal, Cheerios",Lunch,47,Grams,168,3.36,5.4,33.57,0.84,1.68,5.4,0,235
11/14/2017,"Milk, 2%, w/ Vitamin A & D",Lunch,193,Milliliters,100,3.94,6.57,9.55,2.49,10.7,0,15.92,93.55
11/14/2017,"Cookies, Chips Ahoy",Lunch,5,Each,267,13.33,1.67,36.67,4.17,18.33,1.67,0,183.33
11/14/2017,Baby Cut Carrots,Dinner,142,Grams,58,0,1.67,13.36,0,8.35,3.34,0,108.53
11/14/2017,"Peanut Butter, Creamy",Dinner,2,Tablespoons,188,16.12,8.3,6.26,3.36,2.95,1.92,0,146.88
11/14/2017,"Cookies, Chips Ahoy",Snacks,2,Each,107,5.33,0.67,14.67,1.67,7.33,0.67,0,73.33
11/14/2017,"Chips, Tortilla, Restaurant Style, Original",Snacks,31,Grams,155,7.75,2.21,21.4,1.11,0,1.11,0,127.32
11/13/2017,Adult Multivitamin Gummies,Breakfast,2,Each,10,n/a,n/a,3,n/a,2,n/a,n/a,n/a
11/13/2017,"Nuts, Peanuts, Cocktail",Lunch,32,Grams,194,16,8,5.71,2.29,1.14,2.29,0,131.43
11/13/2017,"Pizza, Cheese, Slice",Lunch,2,Each,480,18,2,60,9,6,2,40,820
11/13/2017,"Waffles, Plain, Homemade",Lunch,1,Each,218,10.57,5.92,24.68,2.15,0,0,51.75,383.25
11/13/2017,"Syrup, Maple",Lunch,4,Tablespoons,209,0.16,0,53.67,0.2,47.62,0,0,7.20
11/13/2017,"Chips, Tortilla, White Corn",Dinner,57,Grams,285,12.21,4.7,40.71,1.2,0,2.4,0,234.11
11/13/2017,"Salsa, Jack's Special, Medium",Dinner,16,Tablespoons,80,0,0,16,0,16,0,0,920
11/19/2017,Google Fit Workout,Exercise,28,minutes,215.223,NA,NA,NA,NA,NA,NA,NA,NA
11/19/2017,Google Fit Workout,Exercise,36,minutes,468.022,NA,NA,NA,NA,NA,NA,NA,NA
11/19/2017,Steps Bonus,Exercise,-1,minutes,0,NA,NA,NA,NA,NA,NA,NA,NA
11/18/2017,Google Fit Workout,Exercise,23,minutes,179.015,NA,NA,NA,NA,NA,NA,NA,NA
11/18/2017,Steps Bonus,Exercise,-1,minutes,0,NA,NA,NA,NA,NA,NA,NA,NA
11/17/2017,Google Fit Workout,Exercise,59,minutes,745.257,NA,NA,NA,NA,NA,NA,NA,NA
11/17/2017,Steps Bonus,Exercise,-1,minutes,318.622,NA,NA,NA,NA,NA,NA,NA,NA
11/16/2017,Steps Bonus,Exercise,-1,minutes,0,NA,NA,NA,NA,NA,NA,NA,NA
11/15/2017,Steps Bonus,Exercise,-1,minutes,0,NA,NA,NA,NA,NA,NA,NA,NA
11/14/2017,Steps Bonus,Exercise,-1,minutes,0,NA,NA,NA,NA,NA,NA,NA,NA
11/13/2017,Google Fit Workout,Exercise,19,minutes,148.637,NA,NA,NA,NA,NA,NA,NA,NA
11/13/2017,Steps Bonus,Exercise,-1,minutes,0,NA,NA,NA,NA,NA,NA,NA,NA
